{"cameraMode":{"drawMode":0,"name":"Shaded","section":"Shading Mode"},"sceneLighting":false,"audioPlay":false,"sceneViewState":{"showFog":true,"showMaterialUpdate":false,"showSkybox":false,"showFlares":true,"showImageEffects":true,"showParticleSystems":true},"in2DMode":false,"pivot":{"x":-1.3036850690841675,"y":1.7034802436828614,"z":-29.011993408203126},"rotation":{"x":0.07809890806674957,"y":-0.1808154284954071,"z":0.014405234716832638,"w":0.9803061485290527},"size":5.172905921936035,"orthographic":false}