{"cameraMode":{"drawMode":0,"name":"Shaded","section":"Shading Mode"},"sceneLighting":true,"audioPlay":false,"sceneViewState":{"showFog":true,"showMaterialUpdate":false,"showSkybox":false,"showFlares":true,"showImageEffects":true,"showParticleSystems":true},"in2DMode":false,"pivot":{"x":-34.13644790649414,"y":-2.112579345703125,"z":27.134225845336915},"rotation":{"x":0.06372041255235672,"y":-0.9091662764549255,"z":0.15138883888721467,"w":0.3826740086078644},"size":480.12451171875,"orthographic":false}