{"cameraMode":{"drawMode":0,"name":"Shaded","section":"Shading Mode"},"sceneLighting":false,"audioPlay":false,"sceneViewState":{"showFog":true,"showMaterialUpdate":false,"showSkybox":false,"showFlares":true,"showImageEffects":true,"showParticleSystems":true},"in2DMode":false,"pivot":{"x":0.8169443011283875,"y":3.7774343490600588,"z":-5.346156120300293},"rotation":{"x":0.1710406392812729,"y":-0.011822867207229138,"z":0.002052588853985071,"w":0.985191822052002},"size":3.716508626937866,"orthographic":false}